{
"lengthUnit": "mil",
"components": {
	"fields": ["COMPONENT_NO", "COMPONENT_NAME", "LAYER", "X_COORDINATE", "Y_COORDINATE", "ANGLE"],
	"rows": [
		[1, "CN1", "T", 1760, 95, 270],
		[2, "CN5", "T", 1265, -300, 90],
		[3, "CN6", "T", 2245, -300, 90],
		[4, "CN7", "T", 1515, -380, 270],
		[5, "CN8", "T", 2005, -380, 270],
		[6, "CN9", "T", 1765, -605, 90],
		[7, "H1", "B", 1760, -265, 180]
	]
},
"pins": {
	"fields": ["PIN_NO", "PIN_NAME", "PIN_X", "PIN_Y", "LAYER", "PIN_TYPE", "NET_NAME", "NET_TYPE", "PAD_SHAPE", "PAD_SIZEX", "PAD_SIZEY", "HOLE_SIZE", "PAD_ANGLE"],
	"rows": [
		[1, "CN1_1", 1618.27, -23.11, "T", "DIP", "GND", "GND", "C", 149.61, 149.61, 114.17, 0],
		[2, "CN1_1", 1618.27, -23.11, "B", "DIP", "GND", "GND", "C", 149.61, 149.61, 114.17, 0],
		[3, "CN1_2", 1901.73, -23.11, "T", "DIP", "48V", "", "C", 149.61, 149.61, 114.17, 0],
		[4, "CN1_2", 1901.73, -23.11, "B", "DIP", "48V", "", "C", 149.61, 149.61, 114.17, 0],
		[5, "CN1_3", 2025.75, 213.11, "T", "DIP", "GND", "GND", "O", 47.24, 86.61, 62.99, 0],
		[6, "CN1_3", 2025.75, 213.11, "B", "DIP", "GND", "GND", "O", 47.24, 86.61, 62.99, 0],
		[7, "CN1_4", 1494.25, 213.11, "T", "DIP", "GND", "GND", "O", 47.24, 86.61, 62.99, 0],
		[8, "CN1_4", 1494.25, 213.11, "B", "DIP", "GND", "GND", "O", 47.24, 86.61, 62.99, 0],
		[9, "CN5_1", 1225.63, -125.79, "T", "DIP", "CAN1_L", "", "C", 60, 60, 35.98, 90],
		[10, "CN5_1", 1225.63, -125.79, "B", "DIP", "CAN1_L", "", "C", 60, 60, 35.98, 90],
		[11, "CN5_2", 1304.37, -125.79, "T", "DIP", "CAN1_H", "", "C", 60, 60, 35.98, 90],
		[12, "CN5_2", 1304.37, -125.79, "B", "DIP", "CAN1_H", "", "C", 60, 60, 35.98, 90],
		[13, "CN5_3", 1265, -277.36, "T", "DIP", "GND", "GND", "C", 106.3, 106.3, 74.8, 90],
		[14, "CN5_3", 1265, -277.36, "B", "DIP", "GND", "GND", "C", 106.3, 106.3, 74.8, 90],
		[15, "CN5_4", 1265, -474.21, "T", "DIP", "48V", "", "C", 106.3, 106.3, 74.8, 90],
		[16, "CN5_4", 1265, -474.21, "B", "DIP", "48V", "", "C", 106.3, 106.3, 74.8, 90],
		[17, "CN6_1", 2205.63, -125.79, "T", "DIP", "CAN2_L", "", "C", 60, 60, 35.98, 90],
		[18, "CN6_1", 2205.63, -125.79, "B", "DIP", "CAN2_L", "", "C", 60, 60, 35.98, 90],
		[19, "CN6_2", 2284.37, -125.79, "T", "DIP", "CAN2_H", "", "C", 60, 60, 35.98, 90],
		[20, "CN6_2", 2284.37, -125.79, "B", "DIP", "CAN2_H", "", "C", 60, 60, 35.98, 90],
		[21, "CN6_3", 2245, -277.36, "T", "DIP", "GND", "GND", "C", 106.3, 106.3, 74.8, 90],
		[22, "CN6_3", 2245, -277.36, "B", "DIP", "GND", "GND", "C", 106.3, 106.3, 74.8, 90],
		[23, "CN6_4", 2245, -474.21, "T", "DIP", "48V", "", "C", 106.3, 106.3, 74.8, 90],
		[24, "CN6_4", 2245, -474.21, "B", "DIP", "48V", "", "C", 106.3, 106.3, 74.8, 90],
		[25, "CN7_1", 1515, -281.58, "T", "DIP", "GND", "GND", "C", 98.42, 98.42, 70.87, 270],
		[26, "CN7_1", 1515, -281.58, "B", "DIP", "GND", "GND", "C", 98.42, 98.42, 70.87, 270],
		[27, "CN7_2", 1515, -478.43, "T", "DIP", "48V", "", "C", 98.42, 98.42, 70.87, 270],
		[28, "CN7_2", 1515, -478.43, "B", "DIP", "48V", "", "C", 98.42, 98.42, 70.87, 270],
		[29, "CN8_1", 2005, -281.57, "T", "DIP", "GND", "GND", "C", 98.42, 98.42, 70.87, 270],
		[30, "CN8_1", 2005, -281.57, "B", "DIP", "GND", "GND", "C", 98.42, 98.42, 70.87, 270],
		[31, "CN8_2", 2005, -478.43, "T", "DIP", "48V", "", "C", 98.42, 98.42, 70.87, 270],
		[32, "CN8_2", 2005, -478.43, "B", "DIP", "48V", "", "C", 98.42, 98.42, 70.87, 270],
		[33, "CN9_1", 1765, -703.42, "T", "DIP", "GND", "GND", "C", 98.42, 98.42, 70.87, 90],
		[34, "CN9_1", 1765, -703.42, "B", "DIP", "GND", "GND", "C", 98.42, 98.42, 70.87, 90],
		[35, "CN9_2", 1765, -506.57, "T", "DIP", "48V", "", "C", 98.42, 98.42, 70.87, 90],
		[36, "CN9_2", 1765, -506.57, "B", "DIP", "48V", "", "C", 98.42, 98.42, 70.87, 90],
		[37, "H1_1", 1810, -315, "T", "DIP", "CAN2_L", "", "R", 66.93, 66.93, 43.31, 180],
		[38, "H1_1", 1810, -315, "B", "DIP", "CAN2_L", "", "R", 66.93, 66.93, 43.31, 180],
		[39, "H1_2", 1810, -215, "T", "DIP", "CAN2_H", "", "C", 66.93, 66.93, 43.31, 180],
		[40, "H1_2", 1810, -215, "B", "DIP", "CAN2_H", "", "C", 66.93, 66.93, 43.31, 180],
		[41, "H1_3", 1710, -315, "T", "DIP", "CAN1_L", "", "C", 66.93, 66.93, 43.31, 180],
		[42, "H1_3", 1710, -315, "B", "DIP", "CAN1_L", "", "C", 66.93, 66.93, 43.31, 180],
		[43, "H1_4", 1710, -215, "T", "DIP", "CAN1_H", "", "C", 66.93, 66.93, 43.31, 180],
		[44, "H1_4", 1710, -215, "B", "DIP", "CAN1_H", "", "C", 66.93, 66.93, 43.31, 180]
	]
}
}