{
"lengthUnit": "mil",
"components": {
	"fields": ["COMPONENT_NO", "COMPONENT_NAME", "LAYER", "X_COORDINATE", "Y_COORDINATE", "ANGLE"],
	"rows": [
		[1, "CN5", "T", -1005, -1360, 270],
		[2, "CN6", "T", 90, -1360, 90],
		[3, "CN7", "T", -615, -2110, 0],
		[4, "CN8", "T", 95, -1700, 90],
		[5, "CN9", "T", -1005, -1700, 270],
		[6, "CN10", "T", -305, -2110, 0],
		[7, "U1", "T", -480, -1390, 180]
	]
},
"pins": {
	"fields": ["PIN_NO", "PIN_NAME", "PIN_X", "PIN_Y", "LAYER", "PIN_TYPE", "NET_NAME", "NET_TYPE", "PAD_SHAPE", "PAD_SIZEX", "PAD_SIZEY", "HOLE_SIZE", "PAD_ANGLE"],
	"rows": [
		[1, "CN5_1", -947.91, -1335.39, "T", "SMD", "CAN1_L", "", "R", 23.62, 66.93, 0, 270],
		[2, "CN5_2", -947.91, -1384.61, "T", "SMD", "CAN1_H", "", "R", 23.62, 66.93, 0, 270],
		[3, "CN5_3", -1062.08, -1262.57, "T", "SMD", "GND", "GND", "R", 39.37, 110.24, 0, 270],
		[4, "CN5_4", -1062.08, -1457.44, "T", "SMD", "GND", "GND", "R", 39.37, 110.24, 0, 270],
		[5, "CN6_1", 32.91, -1384.61, "T", "SMD", "CAN2_L", "", "R", 23.62, 66.93, 0, 90],
		[6, "CN6_2", 32.91, -1335.39, "T", "SMD", "CAN2_H", "", "R", 23.62, 66.93, 0, 90],
		[7, "CN6_3", 147.08, -1457.44, "T", "SMD", "GND", "GND", "R", 39.37, 110.24, 0, 90],
		[8, "CN6_4", 147.08, -1262.56, "T", "SMD", "GND", "GND", "R", 39.37, 110.24, 0, 90],
		[9, "CN7_1", -639.61, -2052.91, "T", "SMD", "CAN3_L", "", "R", 23.62, 66.93, 0, 0],
		[10, "CN7_2", -590.39, -2052.91, "T", "SMD", "CAN3_H", "", "R", 23.62, 66.93, 0, 0],
		[11, "CN7_3", -712.43, -2167.08, "T", "SMD", "GND", "GND", "R", 39.37, 110.24, 0, 0],
		[12, "CN7_4", -517.55, -2167.08, "T", "SMD", "GND", "GND", "R", 39.37, 110.24, 0, 0],
		[13, "CN8_1", 37.91, -1724.61, "T", "SMD", "CAN4_L", "", "R", 23.62, 66.93, 0, 90],
		[14, "CN8_2", 37.91, -1675.39, "T", "SMD", "CAN4_H", "", "R", 23.62, 66.93, 0, 90],
		[15, "CN8_3", 152.08, -1797.44, "T", "SMD", "GND", "GND", "R", 39.37, 110.24, 0, 90],
		[16, "CN8_4", 152.08, -1602.56, "T", "SMD", "GND", "GND", "R", 39.37, 110.24, 0, 90],
		[17, "CN9_1", -947.91, -1675.39, "T", "SMD", "CAN3_L", "", "R", 23.62, 66.93, 0, 270],
		[18, "CN9_2", -947.91, -1724.61, "T", "SMD", "CAN3_H", "", "R", 23.62, 66.93, 0, 270],
		[19, "CN9_3", -1062.08, -1602.56, "T", "SMD", "GND", "GND", "R", 39.37, 110.24, 0, 270],
		[20, "CN9_4", -1062.08, -1797.44, "T", "SMD", "GND", "GND", "R", 39.37, 110.24, 0, 270],
		[21, "CN10_1", -329.61, -2052.91, "T", "SMD", "CAN4_L", "", "R", 23.62, 66.93, 0, 0],
		[22, "CN10_2", -280.39, -2052.91, "T", "SMD", "CAN4_H", "", "R", 23.62, 66.93, 0, 0],
		[23, "CN10_3", -402.43, -2167.08, "T", "SMD", "GND", "GND", "R", 39.37, 110.24, 0, 0],
		[24, "CN10_4", -207.56, -2167.08, "T", "SMD", "GND", "GND", "R", 39.37, 110.24, 0, 0],
		[25, "U1_1", -430, -1340, "T", "DIP", "CAN2_H", "", "C", 70.87, 70.87, 39.37, 180],
		[26, "U1_1", -430, -1340, "B", "DIP", "CAN2_H", "", "C", 70.87, 70.87, 39.37, 180],
		[27, "U1_2", -430, -1440, "T", "DIP", "CAN2_L", "", "C", 70.87, 70.87, 39.37, 180],
		[28, "U1_2", -430, -1440, "B", "DIP", "CAN2_L", "", "C", 70.87, 70.87, 39.37, 180],
		[29, "U1_3", -530, -1340, "T", "DIP", "CAN1_H", "", "C", 70.87, 70.87, 39.37, 180],
		[30, "U1_3", -530, -1340, "B", "DIP", "CAN1_H", "", "C", 70.87, 70.87, 39.37, 180],
		[31, "U1_4", -530, -1440, "T", "DIP", "CAN1_L", "", "C", 70.87, 70.87, 39.37, 180],
		[32, "U1_4", -530, -1440, "B", "DIP", "CAN1_L", "", "C", 70.87, 70.87, 39.37, 180]
	]
}
}