{
"lengthUnit": "mil",
"components": {
	"fields": ["COMPONENT_NO", "COMPONENT_NAME", "LAYER", "X_COORDINATE", "Y_COORDINATE", "ANGLE"],
	"rows": [
		[1, "D20", "T", 675, 5, 270],
		[2, "D21", "T", 990, 0, 270],
		[3, "D23", "T", 1140, -215, 0],
		[4, "D24", "T", 1140, -280, 0],
		[5, "D25", "T", 1140, -480, 0],
		[6, "D26", "T", 1140, -550, 0],
		[7, "F1", "T", 1055, -145, 0],
		[8, "F2", "T", 1055, -350, 0],
		[9, "F3", "T", 1055, -415, 0],
		[10, "F4", "T", 1055, -615, 0],
		[11, "L7", "T", 935, -245, 180],
		[12, "L8", "T", 935, -515, 180],
		[13, "R58", "T", 780, -245, 90],
		[14, "R59", "T", 780, -515, 90],
		[15, "R61", "T", 940, -145, 0],
		[16, "R62", "T", 940, -345, 0],
		[17, "R63", "T", 940, -415, 0],
		[18, "R64", "T", 935, -615, 0],
		[19, "U13", "T", 600, -515, 270],
		[20, "U14", "T", 600, -245, 270],
		[21, "U16", "T", 675, 190, 180],
		[22, "U17", "T", 990, 190, 180],
		[23, "U18", "B", 300, -210, 270]
	]
},
"pins": {
	"fields": ["PIN_NO", "PIN_NAME", "PIN_X", "PIN_Y", "LAYER", "PIN_TYPE", "NET_NAME", "NET_TYPE", "PAD_SHAPE", "PAD_SIZEX", "PAD_SIZEY", "HOLE_SIZE", "PAD_ANGLE"],
	"rows": [
		[1, "D20_1", 637.6, -43.62, "T", "SMD", "CAN1_H", "", "R", 42.13, 23.62, 0, 270],
		[2, "D20_2", 712.4, -43.63, "T", "SMD", "CAN1_L", "", "R", 42.13, 23.62, 0, 270],
		[3, "D20_3", 675, 53.63, "T", "SMD", "GND", "GND", "R", 42.13, 23.62, 0, 270],
		[4, "D21_1", 952.6, -48.62, "T", "SMD", "CAN2_H", "", "R", 42.13, 23.62, 0, 270],
		[5, "D21_2", 1027.4, -48.63, "T", "SMD", "CAN2_L", "", "R", 42.13, 23.62, 0, 270],
		[6, "D21_3", 990, 48.63, "T", "SMD", "GND", "GND", "R", 42.13, 23.62, 0, 270],
		[7, "D23_1", 1093.84, -215, "T", "SMD", "CAN1_H", "", "R", 39.37, 29.53, 0, 0],
		[8, "D23_2", 1186.16, -215, "T", "SMD", "GND", "GND", "R", 39.37, 29.53, 0, 0],
		[9, "D24_1", 1093.84, -280, "T", "SMD", "CAN1_L", "", "R", 39.37, 29.53, 0, 0],
		[10, "D24_2", 1186.16, -280, "T", "SMD", "GND", "GND", "R", 39.37, 29.53, 0, 0],
		[11, "D25_1", 1093.84, -480, "T", "SMD", "CAN2_H", "", "R", 39.37, 29.53, 0, 0],
		[12, "D25_2", 1186.16, -480, "T", "SMD", "GND", "GND", "R", 39.37, 29.53, 0, 0],
		[13, "D26_1", 1093.84, -550, "T", "SMD", "CAN2_L", "", "R", 39.37, 29.53, 0, 0],
		[14, "D26_2", 1186.16, -550, "T", "SMD", "GND", "GND", "R", 39.37, 29.53, 0, 0],
		[15, "F1_1", 1025.34, -145, "T", "SMD", "$F1_1", "", "R", 31.75, 34.02, 0, 0],
		[16, "F1_2", 1084.66, -145, "T", "SMD", "CAN1_H", "", "R", 31.75, 34.02, 0, 0],
		[17, "F2_1", 1025.34, -350, "T", "SMD", "$F2_1", "", "R", 31.75, 34.02, 0, 0],
		[18, "F2_2", 1084.66, -350, "T", "SMD", "CAN1_L", "", "R", 31.75, 34.02, 0, 0],
		[19, "F3_1", 1025.34, -415, "T", "SMD", "$F3_1", "", "R", 31.75, 34.02, 0, 0],
		[20, "F3_2", 1084.66, -415, "T", "SMD", "CAN2_H", "", "R", 31.75, 34.02, 0, 0],
		[21, "F4_1", 1025.34, -615, "T", "SMD", "$F4_1", "", "R", 31.75, 34.02, 0, 0],
		[22, "F4_2", 1084.66, -615, "T", "SMD", "CAN2_L", "", "R", 31.75, 34.02, 0, 0],
		[23, "L7_1", 1024.57, -294.21, "T", "SMD", "$F2_1", "", "R", 53.15, 35.43, 0, 180],
		[24, "L7_2", 1024.57, -195.79, "T", "SMD", "$F1_1", "", "R", 53.15, 35.43, 0, 180],
		[25, "L7_3", 845.44, -195.79, "T", "SMD", "$L7_3", "", "R", 53.15, 35.43, 0, 180],
		[26, "L7_4", 845.44, -294.21, "T", "SMD", "$L7_4", "", "R", 53.15, 35.43, 0, 180],
		[27, "L8_1", 1024.57, -564.21, "T", "SMD", "$F4_1", "", "R", 53.15, 35.43, 0, 180],
		[28, "L8_2", 1024.57, -465.79, "T", "SMD", "$F3_1", "", "R", 53.15, 35.43, 0, 180],
		[29, "L8_3", 845.44, -465.79, "T", "SMD", "$L8_3", "", "R", 53.15, 35.43, 0, 180],
		[30, "L8_4", 845.44, -564.21, "T", "SMD", "$L8_4", "", "R", 53.15, 35.43, 0, 180],
		[31, "R58_1", 780, -262.04, "T", "SMD", "$L7_4", "", "R", 22.27, 21.26, 0, 90],
		[32, "R58_2", 780, -227.96, "T", "SMD", "$L7_3", "", "R", 22.27, 21.26, 0, 90],
		[33, "R59_1", 780, -532.04, "T", "SMD", "$L8_4", "", "R", 22.27, 21.26, 0, 90],
		[34, "R59_2", 780, -497.96, "T", "SMD", "$L8_3", "", "R", 22.27, 21.26, 0, 90],
		[35, "R61_1", 910.34, -145, "T", "SMD", "$L7_3", "", "R", 31.75, 34.02, 0, 0],
		[36, "R61_2", 969.66, -145, "T", "SMD", "$F1_1", "", "R", 31.75, 34.02, 0, 0],
		[37, "R62_1", 910.34, -345, "T", "SMD", "$L7_4", "", "R", 31.75, 34.02, 0, 0],
		[38, "R62_2", 969.66, -345, "T", "SMD", "$F2_1", "", "R", 31.75, 34.02, 0, 0],
		[39, "R63_1", 910.34, -415, "T", "SMD", "$L8_3", "", "R", 31.75, 34.02, 0, 0],
		[40, "R63_2", 969.66, -415, "T", "SMD", "$F3_1", "", "R", 31.75, 34.02, 0, 0],
		[41, "R64_1", 905.34, -615, "T", "SMD", "$L8_4", "", "R", 31.75, 34.02, 0, 0],
		[42, "R64_2", 964.66, -615, "T", "SMD", "$F4_1", "", "R", 31.75, 34.02, 0, 0],
		[43, "U13_1", 491.03, -440, "T", "SMD", "CAN1_TX", "", "O", 22.6, 80.14, 0, 270],
		[44, "U13_2", 491.03, -490, "T", "SMD", "GND", "GND", "O", 22.6, 80.14, 0, 270],
		[45, "U13_3", 491.03, -540, "T", "SMD", "5V", "", "O", 22.6, 80.14, 0, 270],
		[46, "U13_4", 491.03, -590, "T", "SMD", "CAN1_RX", "", "O", 22.6, 80.14, 0, 270],
		[47, "U13_5", 708.97, -590, "T", "SMD", "GND", "GND", "O", 22.6, 80.14, 0, 270],
		[48, "U13_6", 708.97, -540, "T", "SMD", "$L8_4", "", "O", 22.6, 80.14, 0, 270],
		[49, "U13_7", 708.97, -490, "T", "SMD", "$L8_3", "", "O", 22.6, 80.14, 0, 270],
		[50, "U13_8", 708.97, -440, "T", "SMD", "GND", "GND", "O", 22.6, 80.14, 0, 270],
		[51, "U14_1", 491.03, -170, "T", "SMD", "CAN0_TX", "", "O", 22.6, 80.14, 0, 270],
		[52, "U14_2", 491.03, -220, "T", "SMD", "GND", "GND", "O", 22.6, 80.14, 0, 270],
		[53, "U14_3", 491.03, -270, "T", "SMD", "5V", "", "O", 22.6, 80.14, 0, 270],
		[54, "U14_4", 491.03, -320, "T", "SMD", "CAN0_RX", "", "O", 22.6, 80.14, 0, 270],
		[55, "U14_5", 708.97, -320, "T", "SMD", "GND", "GND", "O", 22.6, 80.14, 0, 270],
		[56, "U14_6", 708.97, -270, "T", "SMD", "$L7_4", "", "O", 22.6, 80.14, 0, 270],
		[57, "U14_7", 708.97, -220, "T", "SMD", "$L7_3", "", "O", 22.6, 80.14, 0, 270],
		[58, "U14_8", 708.97, -170, "T", "SMD", "GND", "GND", "O", 22.6, 80.14, 0, 270],
		[59, "U16_1", 699.61, 127.01, "T", "SMD", "CAN1_L", "", "R", 23.62, 66.93, 0, 180],
		[60, "U16_2", 650.39, 127.01, "T", "SMD", "CAN1_H", "", "R", 23.62, 66.93, 0, 180],
		[61, "U16_3", 577.56, 252.99, "T", "SMD", "GND", "GND", "R", 51.18, 114.17, 0, 180],
		[62, "U16_4", 772.44, 252.99, "T", "SMD", "GND", "GND", "R", 51.18, 114.17, 0, 180],
		[63, "U17_1", 1014.61, 127.01, "T", "SMD", "CAN2_L", "", "R", 23.62, 66.93, 0, 180],
		[64, "U17_2", 965.39, 127.01, "T", "SMD", "CAN2_H", "", "R", 23.62, 66.93, 0, 180],
		[65, "U17_3", 892.56, 252.99, "T", "SMD", "GND", "GND", "R", 51.18, 114.17, 0, 180],
		[66, "U17_4", 1087.44, 252.99, "T", "SMD", "GND", "GND", "R", 51.18, 114.17, 0, 180],
		[67, "U18_1", 350, 240, "T", "DIP", "5V", "", "R", 70.87, 70.87, 43.31, 270],
		[68, "U18_1", 350, 240, "B", "DIP", "5V", "", "R", 70.87, 70.87, 43.31, 270],
		[69, "U18_2", 250, 240, "T", "DIP", "3.3V", "", "C", 70.87, 70.87, 43.31, 270],
		[70, "U18_2", 250, 240, "B", "DIP", "3.3V", "", "C", 70.87, 70.87, 43.31, 270],
		[71, "U18_3", 350, 140, "T", "DIP", "5V", "", "C", 70.87, 70.87, 43.31, 270],
		[72, "U18_3", 350, 140, "B", "DIP", "5V", "", "C", 70.87, 70.87, 43.31, 270],
		[73, "U18_4", 250, 140, "T", "DIP", "CAN0_RX", "", "C", 70.87, 70.87, 43.31, 270],
		[74, "U18_4", 250, 140, "B", "DIP", "CAN0_RX", "", "C", 70.87, 70.87, 43.31, 270],
		[75, "U18_5", 350, 40, "T", "DIP", "GND", "GND", "C", 70.87, 70.87, 43.31, 270],
		[76, "U18_5", 350, 40, "B", "DIP", "GND", "GND", "C", 70.87, 70.87, 43.31, 270],
		[77, "U18_6", 250, 40, "T", "DIP", "CAN0_TX", "", "C", 70.87, 70.87, 43.31, 270],
		[78, "U18_6", 250, 40, "B", "DIP", "CAN0_TX", "", "C", 70.87, 70.87, 43.31, 270],
		[79, "U18_7", 350, -60, "T", "DIP", "GPIO1_A1", "", "C", 70.87, 70.87, 43.31, 270],
		[80, "U18_7", 350, -60, "B", "DIP", "GPIO1_A1", "", "C", 70.87, 70.87, 43.31, 270],
		[81, "U18_8", 250, -60, "T", "DIP", "GPIO1_D6", "", "C", 70.87, 70.87, 43.31, 270],
		[82, "U18_8", 250, -60, "B", "DIP", "GPIO1_D6", "", "C", 70.87, 70.87, 43.31, 270],
		[83, "U18_9", 350, -160, "T", "DIP", "GPIO1_A0", "", "C", 70.87, 70.87, 43.31, 270],
		[84, "U18_9", 350, -160, "B", "DIP", "GPIO1_A0", "", "C", 70.87, 70.87, 43.31, 270],
		[85, "U18_10", 250, -160, "T", "DIP", "GND", "GND", "C", 70.87, 70.87, 43.31, 270],
		[86, "U18_10", 250, -160, "B", "DIP", "GND", "GND", "C", 70.87, 70.87, 43.31, 270],
		[87, "U18_11", 350, -260, "T", "DIP", "GPIO3_A1", "", "C", 70.87, 70.87, 43.31, 270],
		[88, "U18_11", 350, -260, "B", "DIP", "GPIO3_A1", "", "C", 70.87, 70.87, 43.31, 270],
		[89, "U18_12", 250, -260, "T", "DIP", "GPIO1_A4", "", "C", 70.87, 70.87, 43.31, 270],
		[90, "U18_12", 250, -260, "B", "DIP", "GPIO1_A4", "", "C", 70.87, 70.87, 43.31, 270],
		[91, "U18_13", 350, -360, "T", "DIP", "GND", "GND", "C", 70.87, 70.87, 43.31, 270],
		[92, "U18_13", 350, -360, "B", "DIP", "GND", "GND", "C", 70.87, 70.87, 43.31, 270],
		[93, "U18_14", 250, -360, "T", "DIP", "GPIO1_A7", "", "C", 70.87, 70.87, 43.31, 270],
		[94, "U18_14", 250, -360, "B", "DIP", "GPIO1_A7", "", "C", 70.87, 70.87, 43.31, 270],
		[95, "U18_15", 350, -460, "T", "DIP", "CAN1_RX", "", "C", 70.87, 70.87, 43.31, 270],
		[96, "U18_15", 350, -460, "B", "DIP", "CAN1_RX", "", "C", 70.87, 70.87, 43.31, 270],
		[97, "U18_16", 250, -460, "T", "DIP", "GPIO1_B0", "", "C", 70.87, 70.87, 43.31, 270],
		[98, "U18_16", 250, -460, "B", "DIP", "GPIO1_B0", "", "C", 70.87, 70.87, 43.31, 270],
		[99, "U18_17", 350, -560, "T", "DIP", "CAN1_TX", "", "C", 70.87, 70.87, 43.31, 270],
		[100, "U18_17", 350, -560, "B", "DIP", "CAN1_TX", "", "C", 70.87, 70.87, 43.31, 270],
		[101, "U18_18", 250, -560, "T", "DIP", "3.3V_2", "", "C", 70.87, 70.87, 43.31, 270],
		[102, "U18_18", 250, -560, "B", "DIP", "3.3V_2", "", "C", 70.87, 70.87, 43.31, 270],
		[103, "U18_19", 350, -660, "T", "DIP", "GND", "GND", "C", 70.87, 70.87, 43.31, 270],
		[104, "U18_19", 350, -660, "B", "DIP", "GND", "GND", "C", 70.87, 70.87, 43.31, 270],
		[105, "U18_20", 250, -660, "T", "DIP", "GPIO1_B2", "", "C", 70.87, 70.87, 43.31, 270],
		[106, "U18_20", 250, -660, "B", "DIP", "GPIO1_B2", "", "C", 70.87, 70.87, 43.31, 270]
	]
}
}